{"cameraMode":{"drawMode":0,"name":"Shaded","section":"Shading Mode"},"sceneLighting":false,"audioPlay":false,"sceneViewState":{"showFog":true,"showMaterialUpdate":false,"showSkybox":false,"showFlares":true,"showImageEffects":true,"showParticleSystems":true},"in2DMode":false,"pivot":{"x":77.4800033569336,"y":1.2799999713897706,"z":450.8500061035156},"rotation":{"x":-0.012096299789845944,"y":0.9783144593238831,"z":-0.059143051505088809,"w":-0.19858002662658692},"size":0.08659722656011582,"orthographic":false}