{"cameraMode":{"drawMode":0,"name":"Shaded","section":"Shading Mode"},"sceneLighting":true,"audioPlay":false,"sceneViewState":{"showFog":true,"showMaterialUpdate":false,"showSkybox":true,"showFlares":true,"showImageEffects":true,"showParticleSystems":true},"in2DMode":false,"pivot":{"x":456.34478759765627,"y":213.0308074951172,"z":-32.16427993774414},"rotation":{"x":0.00404224032536149,"y":0.995633602142334,"z":0.0514199323952198,"w":-0.07811450958251953},"size":70.71067810058594,"orthographic":false}