{"cameraMode":{"drawMode":0,"name":"Shaded","section":"Shading Mode"},"sceneLighting":true,"audioPlay":false,"sceneViewState":{"showFog":true,"showMaterialUpdate":false,"showSkybox":true,"showFlares":true,"showImageEffects":true,"showParticleSystems":true},"in2DMode":false,"pivot":{"x":423.8036193847656,"y":57.86949157714844,"z":203.72308349609376},"rotation":{"x":-0.42565852403640749,"y":0.192904993891716,"z":-0.09340626001358032,"w":-0.879163384437561},"size":70.71067810058594,"orthographic":false}