{"cameraMode":{"drawMode":0,"name":"Shaded","section":"Shading Mode"},"sceneLighting":false,"audioPlay":false,"sceneViewState":{"showFog":true,"showMaterialUpdate":false,"showSkybox":false,"showFlares":true,"showImageEffects":true,"showParticleSystems":true},"in2DMode":false,"pivot":{"x":-46.203773498535159,"y":19.4854736328125,"z":132.26748657226563},"rotation":{"x":0.4172883927822113,"y":-0.11804480850696564,"z":0.054766591638326648,"w":0.8994147181510925},"size":391.9974365234375,"orthographic":false}