{"cameraMode":{"drawMode":0,"name":"Shaded","section":"Shading Mode"},"sceneLighting":true,"audioPlay":false,"sceneViewState":{"showFog":true,"showMaterialUpdate":false,"showSkybox":true,"showFlares":true,"showImageEffects":true,"showParticleSystems":true},"in2DMode":false,"pivot":{"x":-18.47132682800293,"y":-27.864994049072267,"z":45.674827575683597},"rotation":{"x":0.1838776022195816,"y":-0.15526044368743897,"z":0.029432542622089387,"w":0.9701780676841736},"size":95.95571899414063,"orthographic":true}