{"cameraMode":{"drawMode":0,"name":"Shaded","section":"Shading Mode"},"sceneLighting":true,"audioPlay":false,"sceneViewState":{"showFog":true,"showMaterialUpdate":false,"showSkybox":true,"showFlares":true,"showImageEffects":true,"showParticleSystems":true},"in2DMode":false,"pivot":{"x":-103.77809143066406,"y":31.202207565307618,"z":-278.51385498046877},"rotation":{"x":-0.00012446826440282166,"y":0.9965603947639465,"z":-0.004526956006884575,"w":0.08599089086055756},"size":68.52932739257813,"orthographic":false}