{"cameraMode":{"drawMode":0,"name":"Shaded","section":"Shading Mode"},"sceneLighting":false,"audioPlay":false,"sceneViewState":{"showFog":true,"showMaterialUpdate":false,"showSkybox":false,"showFlares":true,"showImageEffects":true,"showParticleSystems":true},"in2DMode":false,"pivot":{"x":-448.5299987792969,"y":1.8600000143051148,"z":-52.310001373291019},"rotation":{"x":-0.39265409111976626,"y":0.022221017628908159,"z":-0.008760489523410797,"w":-0.9196898937225342},"size":10.0,"orthographic":false}