{"cameraMode":{"drawMode":0,"name":"Shaded","section":"Shading Mode"},"sceneLighting":true,"audioPlay":false,"sceneViewState":{"showFog":true,"showMaterialUpdate":false,"showSkybox":true,"showFlares":true,"showImageEffects":true,"showParticleSystems":true},"in2DMode":false,"pivot":{"x":433.51361083984377,"y":-45.301612854003909,"z":-407.3599853515625},"rotation":{"x":-0.05128490552306175,"y":-0.7055618166923523,"z":0.0518830381333828,"w":-0.7052473425865173},"size":191.02244567871095,"orthographic":false}