{"cameraMode":{"drawMode":0,"name":"Shaded","section":"Shading Mode"},"sceneLighting":true,"audioPlay":false,"sceneViewState":{"showFog":true,"showMaterialUpdate":false,"showSkybox":true,"showFlares":true,"showImageEffects":true,"showParticleSystems":true},"in2DMode":false,"pivot":{"x":-0.40128442645072939,"y":-7.598879814147949,"z":-9.800411224365235},"rotation":{"x":-0.09409444034099579,"y":0.5454537868499756,"z":-0.0617934875190258,"w":-0.8305515050888062},"size":4.469663143157959,"orthographic":false}